"","Model","mRMSE","mR2","mAUC","AIC"
"1","RSF1",0.747474935238793,-3.69930312151025,0.3974,556.402388237351
"2","RSF2",1.06228233176329,-8.88501011885215,0.5399,564.853698931996
"3","RSF3",0.747474935238793,-3.69930312151025,0.3974,558.393709982384
"4","RSF4",1.06264654266393,-8.89971649172214,0.5832,560.551296276133
