"Model","AIC","lion"
"m0",73377.9887301838,"Babe"
"m1",73362.4496080396,"Babe"
"m3",73301.1222424163,"Babe"
"m5",73283.3301005447,"Babe"
"m2",72850.3410086873,"Babe"
"m4",72818.477505416,"Babe"
"m6",72816.4497729757,"Babe"
"m7",72803.9719478916,"Babe"
