"Model","AIC","lion"
"m0",45178.3369873791,"iHlane"
"m3",45110.1610440795,"iHlane"
"m5",45105.6648343993,"iHlane"
"m1",45063.3740007548,"iHlane"
"m2",44928.6083438463,"iHlane"
"m4",44925.3930536021,"iHlane"
"m6",44905.9487376431,"iHlane"
"m7",44829.7608543235,"iHlane"
