"Model","AIC","lion"
"m0",30089.833942526,"Koku"
"m3",29950.6122852042,"Koku"
"m1",29948.3813731841,"Koku"
"m5",29939.0420043822,"Koku"
"m2",29763.0043963855,"Koku"
"m4",29655.2177898469,"Koku"
"m6",29607.6289642005,"Koku"
"m7",29504.2908246451,"Koku"
