"Model","AIC","lion"
"m0",68361.0779748765,"PokeJr"
"m1",68215.2805716572,"PokeJr"
"m3",67868.5321766005,"PokeJr"
"m5",67851.1933380077,"PokeJr"
"m2",67188.2593492279,"PokeJr"
"m4",67141.1650230564,"PokeJr"
"m6",67006.8956028349,"PokeJr"
"m7",66907.7424447525,"PokeJr"
