"Model","AIC","lion"
"m0",94051.1846105252,"Thembi"
"m1",94035.5638588287,"Thembi"
"m3",93790.3369737346,"Thembi"
"m5",93642.0416829943,"Thembi"
"m2",93309.8931119271,"Thembi"
"m4",93124.8697408032,"Thembi"
"m6",92948.4314980728,"Thembi"
"m7",92945.9232097031,"Thembi"
