"Model","AIC","lion"
"m0",37277.6035574409,"Zulu"
"m3",37254.4732996868,"Zulu"
"m5",37253.6861693163,"Zulu"
"m2",37147.1686579073,"Zulu"
"m6",37086.8377019149,"Zulu"
"m4",37083.8504109535,"Zulu"
"m1",37081.3405175512,"Zulu"
"m7",36906.9921521374,"Zulu"
