"Model","AIC","lion"
"m0",52966.9165706026,"Fanbelt"
"m1",52920.1192283879,"Fanbelt"
"m3",52755.0534891743,"Fanbelt"
"m5",52722.5311506261,"Fanbelt"
"m2",52311.7758639154,"Fanbelt"
"m4",52159.7905780079,"Fanbelt"
"m6",52104.829130577,"Fanbelt"
"m7",52095.2163539286,"Fanbelt"
