"Model","AIC","lion"
"m3",43772.5199397433,"Fluffy"
"m0",43771.3713767787,"Fluffy"
"m2",43737.7481091312,"Fluffy"
"m5",43711.9827161817,"Fluffy"
"m4",43356.3869873215,"Fluffy"
"m6",43347.2994939239,"Fluffy"
