"Model","AIC","lion"
"m0",39099.8011780698,"Madonna"
"m2",39098.8667350925,"Madonna"
"m3",39086.3133710808,"Madonna"
"m5",39082.5735912376,"Madonna"
"m1",39069.8621828035,"Madonna"
"m4",39056.6519082141,"Madonna"
"m6",39047.1138452598,"Madonna"
"m7",39021.7017490173,"Madonna"
