"Model","AIC","lion"
"m0",9919.92647279697,"Mellon"
"m1",9914.90711945526,"Mellon"
"m5",9877.62272311579,"Mellon"
"m3",9875.95353945501,"Mellon"
"m4",9829.49112809388,"Mellon"
"m2",9828.44990921478,"Mellon"
"m6",9825.12263823398,"Mellon"
"m7",9818.82865842773,"Mellon"
