"Model","AIC","lion"
"m0",25494.1622516079,"Murph"
"m1",25467.2261012912,"Murph"
"m3",25452.9902403086,"Murph"
"m5",25441.9377433016,"Murph"
"m2",25072.1330291847,"Murph"
"m4",25029.6203367288,"Murph"
"m6",25021.954259118,"Murph"
"m7",25016.6496155156,"Murph"
