"Model","AIC","lion"
"m0",92724.7331075704,"Ntombi"
"m1",92686.9988029679,"Ntombi"
"m3",92644.5816307574,"Ntombi"
"m5",92630.9357089362,"Ntombi"
"m2",92536.936808739,"Ntombi"
"m4",92454.3865147414,"Ntombi"
"m6",92431.0850924394,"Ntombi"
"m7",92395.9755142277,"Ntombi"
