"Model","AIC","lion"
"m0",55564.1753756257,"Roxy"
"m1",55557.6779778249,"Roxy"
"m2",55416.5299677205,"Roxy"
"m3",55318.3371282022,"Roxy"
"m5",55278.5066711632,"Roxy"
"m4",55085.8569292944,"Roxy"
"m7",54897.1823392103,"Roxy"
"m6",54895.9599552691,"Roxy"
