"Model","AIC","lion"
"m0",25491.5155146796,"Stud"
"m1",25441.4117375169,"Stud"
"m2",25414.1878547197,"Stud"
"m3",25394.0017956166,"Stud"
"m5",25393.7521575613,"Stud"
"m4",25360.6253617221,"Stud"
"m6",25297.6553354654,"Stud"
"m7",25271.5211126079,"Stud"
